title,publishedAt,url
Understanding Race Conditions and Synchronization in Concurrent Programming,Medium,https://medium.com/@imran.kuet14/understanding-race-conditions-and-synchronization-in-concurrent-programming-75eea2c8113c
Call vs Apply vs Bind,Medium,https://medium.com/@mdimran_52695/call-vs-apply-vs-bind-6d563efc09d3
Optimize-search-functionality-with-debouncing-and-caching,Medium,https://medium.com/@mdimran_52695/optimize-search-funtionality-with-debouncing-and-caching-f2df1e7a6fb9
Asynchronous Javascript and Some advanced use cases,Dev.to,https://dev.to/mdimran1409036/asynchronous-javascript-and-some-advanced-use-cases-2357
useEffect = comoponentDidMount + ComponentDidUpdate + componentWillUnmount,Dev.to,https://dev.to/mdimran1409036/useeffect-comoponentdidmount-componentdidupdate-componentwillunmount-4g5p
"binding 'this' ",Dev.to,https://dev.to/mdimran1409036/binding-this-3db4
This keyword in Javascript,Dev.to,https://dev.to/mdimran1409036/this-keyword-in-javascript-3039
CRUD operation with Expressjs and MongoDB,Dev.to,https://dev.to/mdimran1409036/crud-operation-with-expressjs-and-mongodb-4ni7
Context API: Why and How,Dev.to,https://dev.to/mdimran1409036/context-api-why-and-how-lph
Diving into array methods and loops,Dev.to,https://dev.to/mdimran1409036/diving-into-array-methods-and-loops-3l9f
Understanding CSS Flexbox,Dev.to,https://dev.to/mdimran1409036/understanding-css-flex-box-52he